{
  "n_sessions": 19,
  "positive_labels": 16,
  "negative_labels": 3,
  "precision": 0.875,
  "recall": 0.875,
  "f1": 0.875,
  "auc": 0.8333333333333333,
  "confusion_matrix": [
    [
      1,
      2
    ],
    [
      2,
      14
    ]
  ],
  "runtime_sec": 18.3121572
}