{
  "n_sessions": 16,
  "positive_labels": 14,
  "negative_labels": 2,
  "precision": 0.8666666666666667,
  "recall": 0.9285714285714286,
  "f1": 0.896551724137931,
  "auc": 0.7142857142857143,
  "confusion_matrix": [
    [
      0,
      2
    ],
    [
      1,
      13
    ]
  ],
  "runtime_sec": 14.800570700000208
}